{"initial_reset_timestamp": 1651180448.9015276, "timestamps": [1651180456.3088648], "episode_lengths": [200], "episode_rewards": [-122.90612980525462], "episode_types": ["t"]}